Greek,English
Μέρος,Part
Ιστορία,History
Ψάχνω,Search
Μόνο,Only
Αστυνομία,Police
Νόμιζα,Thought
Βοήθεια,Help
Αίτημα,Request
Είδος,Kind
Μήνας,Month
Αδερφός,Brother
Αφήνω,Let
Επειδή,Because
Βάζω,To put
Κανένας,No
Λουρί,Leash
Αυτούς,Them
Πόλη,City
Κάθε,Each
Μίλησε,Speak
Έφτασε,Come
Θα έπρεπε,Should
Μωρό,Baby
Πολύς καιρός,Long time
Ώρες,Hours
Θα,Will
Ενώ,While
Ξαναβλέπω,Meet again
Καμία,Any
Πλατεία,Square
Μιλάω,Speak
Κατάλαβα,Understood
Ήξερα,Knew
Ήταν,Were
Προσοχή,Warning
Ορίστε,Here is
Θα μπορούσα,Could
Υπόθεση,Case
Δίνω,Give
Τύπος,Type
Τους,Their
Δοσμένο,Given
Τρένο,Train
Σώμα,Body
Μέρος,Place
Μάτια,Eyes
Τρόπος,Way
Άκου,Listen
Του οποίου,Whose
Βρίσκω,Find
Πρώτος,First
Χαμένος,Lost
Χέρι,Hand
Πρώτη,First
Πλευρά,Side
Δύναμη,Power
Γέρος,Old
Να είσαι,Be
Ορίστε,Here
Πρωί,Morning
Τόσο πολύ,So much
Παιδί,Child
Σημείο,Point
Ήρθε,Came
Μετά,After
Συγγνώμη,Sorry
Ελάτε,Come
Μπροστά από,In front of
Προς,Towards
Λεπτά,Minutes
Ζητήθηκε,Request
Υπνοδωμάτιο,Bedroom
Τοποθετημένο,Placed
Όμορφη,Beautiful
Νόμος,Law
Θα ήθελα,Would like to
Σήμερα,Today
Σύζυγος,Husband
Αιτία,Cause
Επιτέλους,Finally
Ελπίζω,Hope
Νερό,Water
Περιμένετε,Wait
Έφυγε,Left
Νέα,New
Δουλειά,Job
Σταματάω,Stop
Θα έλεγε,Would say
Γη,Earth
Λογαριασμός,Account
Δοσμένο,Given
Μακριά,Far
Τέλος,End
Πιστεύω,Believe
Αγάπη μου,Sweetheart
Μεγάλος,Large
Μάλλον,Rather
Θα έχει,Will have
Κορίτσια,Girls
Παίζω,To play
Γραφείο,Office